song_name,artist_name,danceability,energy,key,loudness,mode,speechiness,acousticness,instrumentalness,liveness,valence,tempo,like
"break up with your girlfriend, i'm bored",Ariana Grande,0.726,0.554,5,-5.29,0,0.0917,0.0421,0.0,0.106,0.335,169.999,0
Chandelier,Sia,0.399,0.787,1,-2.88,1,0.0499,0.0197,6.07e-05,0.0685,0.572,117.089,0
Toothbrush,DNCE,0.556,0.785,7,-5.842,1,0.133,0.122,0.0,0.468,0.825,104.978,0
Try,P!nk,0.674,0.628,2,-7.079,1,0.03,0.00144,0.0,0.0944,0.552,103.998,0
Mercy,Shawn Mendes,0.555,0.662,11,-4.952,0,0.0827,0.125,0.0,0.111,0.356,148.128,0
Uncover,Zara Larsson,0.536,0.456,2,-6.217,1,0.0267,0.501,0.0,0.213,0.32,90.032,0
24K Magic,Bruno Mars,0.818,0.803,1,-4.282,1,0.0797,0.034,0.0,0.153,0.632,106.97,0
Wide Awake,Katy Perry,0.511,0.681,5,-5.103,1,0.0359,0.0843,6.73e-06,0.503,0.555,160.035,0
Sweet but Psycho,Ava Max,0.72,0.706,1,-4.719,1,0.0473,0.0684,0.0,0.166,0.62,133.002,0
Hands To Myself,Selena Gomez,0.811,0.499,5,-7.161,0,0.118,0.0147,2.44e-06,0.342,0.466,111.016,0
Chained To The Rhythm,Katy Perry,0.562,0.8,0,-5.404,1,0.112,0.0814,0.0,0.199,0.471,95.029,0
Children,Justin Bieber,0.634,0.885,11,-4.702,0,0.304,0.0122,0.0,0.193,0.327,127.064,0
Cheap Thrills,Sia,0.628,0.698,6,-5.608,0,0.105,0.0472,0.00143,0.0907,0.732,89.976,0
Last Friday Night (T.G.I.F.),Katy Perry,0.652,0.812,3,-3.797,0,0.0409,0.00125,3.01e-05,0.667,0.72,126.023,0
Hot N Cold,Katy Perry,0.706,0.841,7,-3.956,1,0.0418,7.95e-05,0.0,0.0688,0.861,132.032,0
Your Song,Rita Ora,0.853,0.571,1,-5.845,1,0.0543,0.133,0.0,0.0564,0.958,117.991,0
Love Yourself,Justin Bieber,0.609,0.378,4,-9.828,1,0.438,0.835,0.0,0.28,0.515,100.418,0
Physical,Dua Lipa,0.647,0.844,0,-3.756,1,0.0457,0.0137,0.000658,0.102,0.746,146.967,0
Sugar,Maroon 5,0.748,0.788,1,-7.055,1,0.0334,0.0591,0.0,0.0863,0.884,120.076,0
Love Again,Dua Lipa,0.659,0.667,11,-4.668,0,0.0339,0.00173,2.85e-05,0.1,0.468,115.982,0
We Don't Talk Anymore (feat. Selena Gomez) - DROELOE Remix,Charlie Puth,0.702,0.82,1,-4.747,0,0.216,0.485,0.0,0.448,0.666,100.019,0
Kings & Queens,Ava Max,0.637,0.69,1,-4.057,0,0.0405,0.00786,0.0,0.124,0.457,129.857,0
Closer,The Chainsmokers,0.748,0.524,8,-5.599,1,0.0338,0.414,0.0,0.111,0.661,95.01,0
Lights Up,Harry Styles,0.575,0.621,10,-8.165,0,0.032,0.0392,0.0045,0.141,0.27,101.987,0
El Eco de Tu Voz,Playa Limbo,0.869,0.63,2,-7.058,1,0.0374,0.198,7.38e-05,0.0749,0.844,124.017,0
Don't Start Now,Dua Lipa,0.793,0.793,11,-4.521,0,0.083,0.0123,0.0,0.0951,0.679,123.95,0
traitor,Olivia Rodrigo,0.38,0.339,3,-7.885,1,0.0338,0.691,0.0,0.12,0.0849,100.607,0
Rockabye (feat. Sean Paul & Anne-Marie),Clean Bandit,0.717,0.73,9,-4.729,0,0.0568,0.383,0.0,0.398,0.792,102.002,0
The Greatest (feat. Kendrick Lamar),Sia,0.668,0.725,1,-6.127,1,0.266,0.0102,0.000479,0.0561,0.729,191.944,0
Break My Heart,Dua Lipa,0.73,0.729,4,-3.434,0,0.0884,0.167,1.39e-06,0.349,0.467,113.011,0
Rock And Roll All Nite,KISS,0.654,0.929,1,-5.906,1,0.0998,0.0468,0.0,0.0539,0.902,144.774,0
Last Resort,Papa Roach,0.589,0.89,4,-3.719,0,0.0603,0.000481,0.00082,0.201,0.692,90.598,0
Self Esteem,The Offspring,0.488,0.862,0,-7.595,1,0.0476,0.0204,0.0,0.359,0.706,104.56,0
Nothing Else Matters,Metallica,0.553,0.362,4,-11.218,0,0.0263,0.0458,6.01e-06,0.075,0.158,142.352,0
It's My Life,Bon Jovi,0.551,0.913,0,-4.063,0,0.0466,0.0263,1.35e-05,0.347,0.544,119.992,0
Toxicity,System Of A Down,0.413,0.873,8,-4.151,1,0.0536,0.000264,0.00249,0.204,0.48,116.68,0
Thunderstruck,AC/DC,0.502,0.89,4,-5.175,1,0.0364,0.000147,0.0117,0.217,0.259,133.52,0
Man in the Box,Alice In Chains,0.355,0.791,8,-7.565,1,0.0453,0.00045,0.0,0.0969,0.758,106.392,0
Otherside,Red Hot Chili Peppers,0.458,0.795,0,-3.265,1,0.0574,0.00316,0.000202,0.0756,0.513,123.229,0
Kickstart My Heart,Mötley Crüe,0.465,0.977,7,-3.839,0,0.175,0.00111,0.00298,0.201,0.233,89.535,0
"Paint It, Black",The Rolling Stones,0.464,0.795,1,-9.267,1,0.0926,0.0493,0.00244,0.399,0.612,158.691,0
Sweet Child O' Mine,Guns N' Roses,0.446,0.952,6,-5.321,1,0.0523,0.0901,0.0857,0.112,0.624,125.303,0
Crazy,Aerosmith,0.348,0.848,6,-4.674,0,0.0396,0.0454,0.0,0.143,0.486,162.189,0
Fortunate Son,Creedence Clearwater Revival,0.64,0.663,0,-7.516,1,0.0374,0.201,0.00806,0.152,0.663,132.77,0
Would? (2022 Remaster),Alice In Chains,0.305,0.833,6,-7.981,1,0.0398,0.000327,2.36e-05,0.091,0.586,100.675,0
Pink,Aerosmith,0.473,0.768,0,-4.708,1,0.037,0.00994,0.0,0.145,0.826,171.669,0
Paranoid,Black Sabbath,0.429,0.631,4,-11.514,0,0.0769,7.85e-05,0.00411,0.175,0.376,162.734,0
"Girls, Girls, Girls",Mötley Crüe,0.599,0.931,7,-4.653,1,0.0735,0.0302,6.69e-05,0.392,0.536,140.123,0
Be Yourself,Audioslave,0.423,0.845,11,-3.509,0,0.0559,0.143,5.07e-06,0.213,0.317,116.602,0
Free Bird,Lynyrd Skynyrd,0.249,0.834,0,-8.21,1,0.0577,0.0738,9.48e-05,0.0924,0.338,118.223,0
Crazy Train,Ozzy Osbourne,0.454,0.913,9,-4.008,1,0.107,0.408,0.000271,0.248,0.521,137.688,0
Lonely Day,System Of A Down,0.458,0.783,8,-3.226,0,0.0322,0.346,6.14e-06,0.13,0.224,113.072,0
Scar Tissue,Red Hot Chili Peppers,0.595,0.717,0,-4.803,1,0.0295,0.0779,0.00274,0.108,0.547,88.969,0
Sympathy For The Devil - 50th Anniversary Edition,The Rolling Stones,0.702,0.668,9,-9.237,1,0.214,0.518,0.0,0.0588,0.561,116.063,0
Perfect Strangers,Deep Purple,0.521,0.721,2,-7.699,1,0.0254,0.00348,0.0113,0.391,0.611,97.578,0
T.N.T.,AC/DC,0.754,0.759,9,-5.218,1,0.302,0.153,0.000108,0.101,0.435,126.366,0
Dream On,Aerosmith,0.392,0.476,1,-7.583,1,0.0249,0.397,0.000163,0.309,0.234,78.031,0
Whole Lotta Love - 1990 Remaster,Led Zeppelin,0.412,0.902,9,-11.6,1,0.405,0.0484,0.131,0.405,0.422,89.74,0
Chop Suey!,System Of A Down,0.417,0.934,7,-3.908,0,0.119,0.000278,0.0015,0.132,0.287,127.066,0
Highway Star - Remastered 2012,Deep Purple,0.307,0.909,9,-7.08,0,0.0574,0.135,0.0336,0.125,0.443,173.674,0
Young And Foolish,Dee Burton,0.547,0.125,2,-16.665,0,0.0362,0.968,0.923,0.109,0.134,74.193,0
Your Shining Eyes,Wildflower Trio,0.653,0.153,2,-15.976,1,0.0519,0.979,0.814,0.135,0.141,78.287,0
The Fate of Love,Mino Conte & Co,0.485,0.138,11,-19.272,1,0.0313,0.866,0.541,0.0885,0.105,108.871,0
English Rose,Karl-Erik Trio,0.499,0.225,0,-15.635,1,0.0306,0.937,0.896,0.118,0.181,85.833,0
Silky Smooth,Eira Eld,0.45,0.209,7,-17.715,0,0.0393,0.965,0.604,0.112,0.139,67.315,0
Blue Notes in the Afternoon,Red Brick Lane,0.46,0.162,5,-17.492,0,0.0365,0.971,0.896,0.127,0.143,81.168,0
Linda´s Dream,Nordic Light Trio,0.434,0.195,5,-18.964,0,0.0278,0.97,0.848,0.36,0.131,95.468,0
Strangest Sea,Grayville Trio,0.22,0.188,5,-19.148,0,0.036,0.958,0.945,0.106,0.215,56.781,0
Pot of gold,The Holly Molly Trio,0.388,0.132,5,-20.264,1,0.0369,0.972,0.921,0.12,0.171,116.012,0
Ludlow,James Jackson Jazz Trio,0.434,0.126,0,-16.053,1,0.0363,0.967,0.755,0.11,0.226,53.58,0
Home town,Cole Peers trio,0.255,0.0745,0,-19.79,0,0.0395,0.863,0.128,0.133,0.179,75.936,0
Twenty Somethings,The Central Park North,0.415,0.148,8,-19.697,1,0.0355,0.988,0.958,0.129,0.303,54.914,0
Nightfall,David Parks & Silver,0.487,0.163,5,-16.707,1,0.0324,0.962,0.891,0.0962,0.161,88.204,0
Traveling Day,Arta Porting,0.361,0.185,5,-15.834,1,0.0357,0.92,0.955,0.119,0.197,138.126,0
i've got a crush on you,Hunter Paige,0.582,0.123,7,-16.208,0,0.0364,0.928,0.589,0.121,0.0795,106.559,0
All My Tomorrows,Figgy Mold,0.458,0.19,7,-16.454,1,0.0362,0.955,0.947,0.156,0.183,67.36,0
Something about him,Bruce Willmington & Co,0.421,0.0971,4,-21.319,1,0.0335,0.969,0.631,0.121,0.148,110.697,0
Prelude To A Kiss,Al Fowler Trio,0.629,0.152,9,-18.659,0,0.04,0.967,0.904,0.109,0.0966,116.833,0
Lesters's Tears,Tadd Norman,0.492,0.206,4,-16.065,1,0.0305,0.97,0.816,0.0959,0.234,106.139,0
Let's go uptown,Newington Green,0.565,0.239,0,-16.679,1,0.0418,0.96,0.894,0.149,0.231,116.419,0
A Common Place,We Three Trio,0.562,0.165,3,-16.39,1,0.0439,0.976,0.945,0.101,0.197,87.837,0
Last Call,Glass Trio,0.51,0.189,6,-15.775,1,0.0341,0.972,0.928,0.1,0.216,103.792,0
Bridges,Ikigai,0.375,0.0798,5,-15.498,0,0.0328,0.986,0.532,0.105,0.0856,50.159,0
Midnight Moods,Eight Bar Band,0.449,0.0875,1,-19.244,1,0.0344,0.972,0.818,0.113,0.214,94.952,0
Fools Rush In,The Southern Belle,0.508,0.126,0,-18.687,1,0.0422,0.947,0.902,0.366,0.095,117.126,0
The Art of Letting Go,Dries Riesen,0.454,0.142,10,-17.341,1,0.0381,0.956,0.502,0.0969,0.199,63.668,0
Tip Your Hat,6th Street Jazz,0.406,0.165,2,-14.121,0,0.0344,0.913,0.922,0.116,0.16,106.283,0
Sometime Ago,Madeleine West,0.538,0.14,9,-17.368,0,0.0393,0.937,0.893,0.324,0.195,86.259,0
Love To Be Happy,Magpie Jazz Trio,0.466,0.0718,6,-19.581,1,0.0336,0.922,0.916,0.11,0.214,105.252,0
Barney's,The Groove Trio,0.481,0.188,7,-13.449,1,0.04,0.979,0.935,0.104,0.2,52.127,0
Hate It Or Love It,The Game,0.802,0.785,9,-4.781,1,0.207,0.14,0.0,0.123,0.435,99.998,0
Just A Lil Bit,50 Cent,0.489,0.692,1,-6.672,1,0.41,0.0322,0.00608,0.315,0.527,96.946,0
Many Men (Wish Death),50 Cent,0.589,0.827,11,-2.938,1,0.384,0.0143,0.00151,0.14,0.386,161.978,0
"C.R.E.A.M. (Cash Rules Everything Around Me) (feat. Method Man, Raekwon, Inspectah Deck & Buddha Monk)",Wu-Tang Clan,0.479,0.549,11,-10.551,0,0.373,0.57,0.0235,0.127,0.576,180.985,0
That's All She Wrote,T.I.,0.496,0.785,7,-3.472,1,0.306,0.0328,0.0,0.0941,0.357,170.02,0
Still D.R.E.,Dr. Dre,0.816,0.775,11,-3.323,1,0.234,0.16,0.00031,0.0543,0.527,93.431,0
Forgot About Dre,Dr. Dre,0.924,0.74,8,-1.299,1,0.0774,0.0827,0.0,0.163,0.621,133.974,0
Who Am I (What’s My Name)?,Snoop Dogg,0.734,0.735,7,-6.201,1,0.065,0.000813,3.25e-05,0.559,0.729,96.806,0
Straight Outta Compton,N.W.A.,0.834,0.878,8,-9.484,1,0.15,0.0461,0.0,0.334,0.418,102.848,0
Swimming Pools (Drank),Kendrick Lamar,0.577,0.447,8,-5.892,1,0.277,0.00627,0.00022,0.0899,0.189,74.236,0
Shimmy Shimmy Ya,Ol' Dirty Bastard,0.814,0.481,0,-5.183,1,0.245,0.097,3.83e-05,0.0495,0.193,96.252,0
Do For Love,2Pac,0.874,0.63,1,-3.585,1,0.298,0.0578,0.00479,0.0582,0.717,95.0,0
Thuggish Ruggish Bone,Bone Thugs-N-Harmony,0.683,0.74,11,-6.041,0,0.0462,0.00228,0.0,0.238,0.65,129.515,0
Gimme the Loot - 2005 Remaster,The Notorious B.I.G.,0.721,0.662,7,-8.136,1,0.403,0.0888,0.0,0.178,0.68,94.191,0
Changes,2Pac,0.865,0.665,7,-6.289,1,0.073,0.0453,0.0,0.224,0.331,111.113,0
If I Ruled the World (Imagine That) (feat. Lauryn Hill),Nas,0.879,0.564,10,-7.682,0,0.247,0.0474,9.43e-06,0.0519,0.523,93.908,0
Runnin' (Dying To Live),2Pac,0.531,0.799,10,-2.76,0,0.414,0.0459,0.000172,0.331,0.631,165.964,0
Juicy - 2005 Remaster,The Notorious B.I.G.,0.889,0.818,9,-4.639,1,0.253,0.47,0.0,0.179,0.782,96.063,0
How We Do,The Game,0.862,0.648,4,-7.401,0,0.251,0.0455,0.0,0.0332,0.637,98.012,0
What's The Difference,Dr. Dre,0.772,0.821,11,-0.14,0,0.25,0.223,0.0,0.148,0.77,91.921,0
Hail Mary,Makaveli,0.696,0.636,10,-6.915,0,0.335,0.158,1.28e-05,0.338,0.358,81.593,0
Suena Mamal***,Cartel De Santa,0.661,0.766,7,-4.263,1,0.194,0.0477,0.000229,0.624,0.722,164.791,0
Life's a Bitch (feat. AZ & Olu Dara),Nas,0.775,0.734,7,-5.41,1,0.215,0.00138,0.0,0.304,0.342,90.001,0
Enemies (feat. DaBaby),Post Malone,0.542,0.674,6,-4.169,1,0.21,0.0588,0.0,0.0955,0.667,76.388,0
Why We Thugs,Ice Cube,0.683,0.59,1,-5.423,1,0.458,0.326,0.0,0.148,0.653,100.892,0
All Eyez On Me (ft. Big Syke),2Pac,0.872,0.723,1,-5.968,1,0.247,0.0293,0.0,0.327,0.843,93.279,0
Represent,Nas,0.708,0.832,1,-4.964,1,0.318,0.02,2.8e-06,0.189,0.618,92.428,0
Window Shopper,50 Cent,0.534,0.671,5,-5.023,0,0.195,0.0504,0.0,0.362,0.422,174.292,0
My Name Is,Eminem,0.869,0.68,1,-6.233,1,0.318,0.0416,1.12e-06,0.0914,0.815,85.519,0
Feeling Myself,23,0.652,0.548,11,-7.994,1,0.237,0.314,1.69e-05,0.103,0.577,130.243,0
"An der schönen blauen Donau, Op. 314",Johann Strauss II,0.233,0.0252,2,-24.824,1,0.0346,0.975,0.601,0.143,0.0936,94.736,0
"Violin Sonata in A major, FWV 8: IV. Allegretto poco mosso",César Franck,0.25,0.135,9,-18.615,1,0.0488,0.958,0.0349,0.0477,0.179,94.404,0
"Chopin: Nocturne No. 20 in C-Sharp Minor, Op. Posth.",Frédéric Chopin,0.225,0.0047,1,-30.928,0,0.0509,0.992,0.881,0.0722,0.186,163.665,0
Spiegel im Spiegel - Version for Violin and Piano,Arvo Pärt,0.176,0.006,5,-42.238,1,0.0384,0.899,3.24e-05,0.105,0.0383,71.477,0
"Violin Concerto No. 1 in G Minor, Op. 26: III. Finale. Allegro energico",Max Bruch,0.365,0.0718,7,-21.408,1,0.0452,0.906,0.347,0.0506,0.255,90.666,0
Gnossienne No. 1,Erik Satie,0.376,0.00579,5,-31.615,0,0.0576,0.996,0.944,0.0882,0.0369,71.827,0
"Turandot, SC 91, Act III: Nessun dorma!",Giacomo Puccini,0.212,0.301,2,-12.505,1,0.0384,0.963,0.0033,0.13,0.0798,84.025,0
"Rhapsody on a Theme of Paganini, Op. 43: Variation No. 18 Andante cantabile",Sergei Rachmaninoff,0.205,0.0525,1,-23.841,1,0.0327,0.98,0.906,0.103,0.0511,88.316,0
O Magnum Mysterium: O magnum mysterium,Morten Lauridsen,0.0623,0.0116,2,-27.893,1,0.0567,0.991,0.445,0.0816,0.0331,65.057,0
The Sorcerer's Apprentice,Paul Dukas,0.351,0.206,1,-22.657,1,0.0597,0.797,0.255,0.0738,0.0839,130.415,0
"Suite bergamasque, L. 75: III. Clair de lune",Claude Debussy,0.335,0.00501,1,-33.366,1,0.0451,0.993,0.919,0.0618,0.0383,132.085,0
Piano Concerto in One Movement: Adagio cantabile,Florence Beatrice Price,0.154,0.029,2,-26.927,1,0.0374,0.984,0.89,0.129,0.0376,78.51,0
"Andante festivo for Strings and Timpani, JS 34b",Jean Sibelius,0.113,0.161,7,-20.046,1,0.0442,0.484,0.928,0.16,0.0365,65.062,0
"Sonata No. 14 ""Moonlight"" in C-Sharp Minor"", Op. 27 No. 2: I. Adagio sostenuto",Ludwig van Beethoven,0.184,0.00527,1,-37.264,0,0.0432,0.995,0.887,0.173,0.151,170.612,0
"The Carnival of the Animals, R. 125: XIII. The Swan (Arr. for Cello and Piano)",Camille Saint-Saëns,0.169,0.0161,9,-31.034,0,0.0442,0.986,0.86,0.0805,0.0573,128.143,0
"Piano Concerto in A Minor, Op. 16: I. Allegro molto moderato",Edvard Grieg,0.312,0.0465,9,-26.438,0,0.0378,0.981,0.9,0.0872,0.0371,130.303,0
"Suite No. 3 in D Major, BWV 1068: II. Air",Johann Sebastian Bach,0.0769,0.0846,2,-25.997,1,0.045,0.922,0.929,0.113,0.0586,176.329,0
Rodrigo: Concierto de Aranjuez: II. Adagio,Joaquín Rodrigo,0.253,0.098,11,-19.878,0,0.0437,0.93,0.862,0.122,0.062,84.865,0
"Piano Concerto in A Minor, Op. 16: I. Allegro molto moderato",Edvard Grieg,0.302,0.119,9,-18.059,0,0.0386,0.975,0.887,0.11,0.0381,94.4,0
"Elégie in C Minor, Op. 24 (Arr. Parkin)",Gabriel Fauré,0.115,0.0422,8,-24.137,1,0.0404,0.966,0.919,0.0896,0.037,87.855,0
"Liebestraum No. 3 in A-Flat Major, S. 541 / 3",Franz Liszt,0.279,0.0292,8,-26.804,1,0.0406,0.987,0.902,0.104,0.0338,136.732,0
"Handel / Orch. Hale: Keyboard Suite No. 4 in D Minor, HWV 437: III. Sarabande",George Frideric Handel,0.0939,0.0336,2,-24.041,0,0.0606,0.927,0.83,0.0954,0.0516,67.359,0
"Sechs Klavierstücke, Op. 118: II. Intermezzo in A Major",Johannes Brahms,0.299,0.00626,9,-30.923,1,0.0478,0.994,0.901,0.0823,0.0634,69.043,0
"Ständchen in D Minor (After Schubert), S. 560",Franz Liszt,0.341,0.0142,2,-28.293,1,0.0388,0.993,0.921,0.113,0.0384,76.382,0
"Piano Concerto No. 2 in C Minor, Op. 18: 2. Adagio sostenuto",Sergei Rachmaninoff,0.194,0.0545,4,-24.877,1,0.0366,0.983,0.945,0.0551,0.0385,140.966,0
Prince Igor (Knyaz Igor): Act II: Polovtsian Dances - Ulyetay na kril'yahk vyetra (Fly away on the wings of the wind) (version for chorus),Alexander Borodin,0.292,0.246,2,-14.96,1,0.0385,0.922,0.525,0.107,0.0859,109.766,0
"Recomposed By Max Richter: Vivaldi, The Four Seasons: Spring 1 - 2012",Max Richter,0.701,0.341,1,-12.26,0,0.0418,0.499,0.903,0.359,0.163,105.513,0
Pachelbel: Canon and Gigue for Three Violins and Continuo in D Major: Canon,Johann Pachelbel,0.128,0.132,2,-17.67,1,0.0353,0.744,0.942,0.107,0.0988,85.314,0
Scheherazade: The Tale of the Kalendar Prince,Nikolai Rimsky-Korsakov,0.235,0.0639,11,-24.404,0,0.049,0.962,0.603,0.466,0.0781,120.736,0
"Petite Suite de Concert, Op. 77: III. Un sonnet d'amour",Samuel Coleridge-Taylor,0.234,0.0251,9,-28.627,1,0.0449,0.937,0.202,0.101,0.04,126.31,0
American Kids,Kenny Chesney,0.782,0.589,0,-7.37,1,0.0803,0.0476,5.84e-06,0.0366,0.849,85.022,0
The Kind of Love We Make,Luke Combs,0.608,0.745,1,-4.13,1,0.0277,0.0226,6.47e-06,0.0942,0.464,102.025,0
Carrying Your Love With Me,George Strait,0.629,0.479,10,-10.608,1,0.0271,0.22,0.0,0.0587,0.345,138.231,0
Beer Never Broke My Heart,Luke Combs,0.538,0.863,1,-4.483,1,0.0481,0.0139,0.0,0.0874,0.637,77.001,0
Chicken Fried,Zac Brown Band,0.566,0.713,6,-4.25,1,0.0418,0.645,0.0,0.114,0.805,169.861,0
You Proof,Morgan Wallen,0.732,0.839,9,-5.007,1,0.0345,0.265,0.0,0.602,0.629,119.724,0
When It Rains It Pours,Luke Combs,0.551,0.801,6,-5.069,1,0.0303,0.013,6.03e-06,0.265,0.625,128.027,0
Check Yes Or No,George Strait,0.708,0.524,5,-12.644,1,0.0352,0.0551,3.21e-06,0.0371,0.69,111.482,0
Sand In My Boots,Morgan Wallen,0.403,0.537,3,-6.628,1,0.031,0.59,0.0,0.112,0.414,69.877,0
One Man Band,Old Dominion,0.706,0.358,6,-8.331,1,0.0347,0.677,0.0,0.107,0.478,75.991,0
Dirt Road Anthem,Jason Aldean,0.68,0.741,2,-5.055,1,0.0357,0.347,1.87e-06,0.117,0.635,127.024,0
Drinkin' Problem,Midland,0.622,0.763,9,-6.4,1,0.0263,0.055,8.91e-06,0.313,0.621,102.0,0
I Hope You’re Happy Now,Carly Pearce,0.591,0.815,10,-4.725,1,0.0366,0.168,8.68e-06,0.142,0.306,118.024,0
That's My Kind Of Night,Luke Bryan,0.661,0.751,7,-2.909,1,0.0481,0.0571,0.0,0.105,0.875,109.995,0
Chattahoochee,Alan Jackson,0.606,0.706,0,-9.665,1,0.0379,0.362,0.0,0.16,0.819,174.533,0
She Had Me At Heads Carolina,Cole Swindell,0.607,0.912,8,-3.449,1,0.0611,0.124,0.0,0.332,0.722,134.944,0
Beautiful Crazy,Luke Combs,0.551,0.402,11,-7.431,1,0.0262,0.676,0.0,0.0928,0.382,103.313,0
Straight and Narrow,Sam Barber,0.427,0.278,10,-8.83,1,0.0331,0.47,2.22e-05,0.135,0.374,85.633,0
Watching You,Rodney Atkins,0.625,0.848,2,-4.008,1,0.0314,0.105,0.0,0.23,0.716,137.993,0
Beers On Me,Dierks Bentley,0.59,0.846,4,-4.251,1,0.0396,0.182,0.0,0.53,0.733,146.028,0
Red Solo Cup,Toby Keith,0.535,0.56,4,-6.586,1,0.0901,0.287,0.0,0.209,0.785,164.17,0
23 - Steel Mix,Chayce Beckham,0.553,0.723,0,-5.858,0,0.0303,0.0248,1.05e-06,0.252,0.616,88.007,0
Chillin' It,Cole Swindell,0.576,0.849,9,-3.057,1,0.0386,0.511,3.89e-05,0.109,0.666,137.982,0
One Of Them Girls,Lee Brice,0.643,0.79,4,-6.079,1,0.0461,0.29,0.0,0.107,0.808,95.981,0
Wagon Wheel,Darius Rucker,0.537,0.66,9,-7.174,1,0.0296,0.455,0.0,0.135,0.574,148.096,0
Even Though I'm Leaving,Luke Combs,0.554,0.755,2,-6.04,1,0.0319,0.225,0.0,0.301,0.624,77.962,0
T-Shirt,Thomas Rhett,0.634,0.862,2,-5.337,1,0.0376,0.0287,0.0,0.0217,0.767,95.989,0
People Are Crazy,Billy Currington,0.651,0.699,5,-5.006,1,0.0265,0.213,0.000265,0.12,0.36,141.938,0
As Good As I Once Was,Toby Keith,0.68,0.87,5,-4.461,1,0.0393,0.266,0.0,0.109,0.646,119.075,0
Ol' Red,Blake Shelton,0.664,0.556,10,-7.713,1,0.0365,0.146,3.91e-06,0.113,0.494,75.049,0
I Put a Spell on You (feat. Joss Stone),Jeff Beck,0.681,0.335,11,-10.479,0,0.0865,0.433,0.000189,0.219,0.749,174.062,0
The Thrill Is Gone,B.B. King,0.692,0.493,9,-9.662,0,0.0325,0.0934,0.00166,0.128,0.28,86.644,0
I'm Your Hoochie Coochie Man,Muddy Waters,0.542,0.588,2,-9.268,1,0.0665,0.67,0.158,0.241,0.881,113.948,0
Junker's Blues,Champion Jack Dupree,0.779,0.155,5,-21.57,1,0.112,0.856,7.82e-06,0.0974,0.696,103.251,0
Call It Stormy Monday But Tuesday Is Just As Bad,T-Bone Walker,0.621,0.134,0,-15.836,1,0.0496,0.853,0.0568,0.0412,0.44,103.782,0
Lie To Me,Jonny Lang,0.621,0.693,8,-8.755,1,0.0407,0.579,0.000295,0.0634,0.896,112.439,0
So Many Roads,Joe Bonamassa,0.29,0.756,5,-5.408,0,0.039,0.0114,0.148,0.0947,0.546,146.458,0
Good Morning Little School Girl,Muddy Waters,0.626,0.307,9,-14.645,1,0.0836,0.689,0.00663,0.0843,0.62,173.652,0
Help Me,Sonny Boy Williamson II,0.745,0.436,5,-9.617,0,0.043,0.597,0.0213,0.61,0.771,114.216,0
Little Wing,Stevie Ray Vaughan,0.475,0.383,1,-14.202,1,0.0375,0.362,0.749,0.0728,0.524,114.709,0
I'm In The Mood,John Lee Hooker,0.601,0.19,5,-18.675,1,0.061,0.507,5.49e-05,0.18,0.656,202.294,0
"Damn Right, I've Got the Blues",Buddy Guy,0.353,0.921,2,-5.64,1,0.0758,0.0488,0.065,0.314,0.526,145.589,0
Chains And Things,B.B. King,0.56,0.241,4,-15.385,0,0.0314,0.593,0.195,0.122,0.341,79.537,0
Ain't No Sunshine,Freddie King,0.576,0.363,0,-14.487,0,0.0512,0.758,0.000147,0.0837,0.452,135.513,0
Boom Boom,John Lee Hooker,0.441,0.455,10,-14.207,1,0.0485,0.62,0.00187,0.135,0.918,160.9,0
Funky Guitar Blues,Bryce Janey,0.563,0.871,5,-5.825,1,0.029,0.000197,0.0128,0.0928,0.517,114.894,0
The Getaway,Fenton Robinson,0.597,0.479,8,-9.851,0,0.065,0.693,0.000267,0.116,0.908,92.25,0
Am I Wrong,Keb' Mo',0.883,0.446,0,-10.304,1,0.0574,0.462,1.03e-06,0.0447,0.964,112.635,0
I'm A King Bee,Slim Harpo,0.712,0.58,10,-7.233,0,0.0263,0.401,0.000271,0.166,0.887,112.692,0
Bring It On Home,Sonny Boy Williamson II,0.827,0.396,9,-11.511,1,0.0388,0.616,0.00533,0.126,0.586,110.997,0
"Shame, Shame, Shame",Jimmy Reed,0.571,0.498,2,-9.77,1,0.0303,0.965,0.5,0.307,0.9,161.805,0
Hound Dog,Big Mama Thornton,0.563,0.542,9,-10.862,1,0.0962,0.706,3.59e-05,0.355,0.785,133.285,0
Red House,Jimi Hendrix,0.277,0.479,5,-8.483,0,0.0495,0.585,0.0224,0.16,0.483,53.905,0
Workin' Man Blues,Albert Cummings,0.596,0.882,8,-7.241,1,0.1,0.00722,0.00191,0.31,0.746,107.019,0
Why I Sing The Blues,B.B. King,0.792,0.495,0,-11.603,1,0.0527,0.239,0.00175,0.074,0.719,118.066,0
What It Is,Mark Knopfler,0.624,0.682,6,-7.274,0,0.0302,0.615,0.252,0.288,0.432,122.084,0
Same Old Blues,Freddie King,0.542,0.287,9,-12.024,1,0.0376,0.671,0.000449,0.0868,0.15,129.976,0
Life by the Drop,Stevie Ray Vaughan,0.659,0.163,6,-11.864,0,0.0388,0.766,1.41e-05,0.0735,0.473,95.882,0
Sleeping on the Blacktop,Colter Wall,0.567,0.311,2,-14.464,0,0.0455,0.822,0.23,0.11,0.478,83.11,0
Mojo Hand,Lightnin' Hopkins,0.596,0.545,11,-8.913,0,0.064,0.456,5.53e-05,0.329,0.718,146.953,0
War Ensemble,Slayer,0.332,0.988,8,-4.111,1,0.146,7.65e-05,0.0126,0.055,0.097,98.878,0
Revolution Is My Name,Pantera,0.243,0.988,8,-3.485,1,0.197,6.17e-05,0.12,0.341,0.277,89.905,0
Indians,Anthrax,0.379,0.941,11,-10.443,0,0.038,0.000869,0.000637,0.0393,0.527,105.155,0
Is There Anybody Out There?,Machine Head,0.408,0.953,7,-3.883,1,0.226,0.00532,0.0,0.338,0.291,177.94,0
Flight of Icarus - 2015 Remaster,Iron Maiden,0.368,0.917,6,-4.829,0,0.0772,0.147,0.000121,0.169,0.343,110.455,0
Psychosocial,Slipknot,0.568,0.981,2,-3.889,1,0.0887,0.00269,0.00275,0.0243,0.307,135.146,0
Mouth for War,Pantera,0.329,0.954,8,-7.006,0,0.0722,4.2e-06,0.000614,0.051,0.627,156.899,0
Down for Life,Testament,0.344,0.955,1,-10.614,1,0.0444,5.4e-06,0.111,0.0665,0.352,111.671,0
The Number of the Beast - 2015 Remaster,Iron Maiden,0.409,0.89,0,-6.839,1,0.0558,0.088,0.107,0.0935,0.268,100.409,0
The Sentinel,Judas Priest,0.15,0.863,9,-5.145,1,0.103,0.00268,0.00425,0.099,0.321,185.664,0
Engel,Rammstein,0.624,0.58,2,-6.949,1,0.0283,0.00134,0.0123,0.352,0.246,96.098,0
Angel Of Death,Slayer,0.332,0.994,1,-4.336,1,0.137,0.000119,0.322,0.142,0.0829,106.086,0
Phantom of the Opera - 2015 Remaster,Iron Maiden,0.319,0.952,4,-5.315,0,0.0723,6.28e-05,0.154,0.918,0.228,109.275,0
I'm Broken,Pantera,0.419,0.878,7,-6.352,1,0.0553,0.000594,0.559,0.139,0.666,147.385,0
All Guns Blazing,Judas Priest,0.472,0.976,6,-5.135,0,0.0899,0.00036,0.0145,0.0956,0.141,104.996,0
Hell Bent for Leather,Judas Priest,0.309,0.867,9,-6.43,1,0.192,0.00707,2.14e-05,0.342,0.282,192.463,0
Territory,Sepultura,0.332,0.946,2,-6.233,1,0.127,0.000275,0.0304,0.136,0.303,153.091,0
Balls to the Wall,Accept,0.544,0.739,9,-7.383,1,0.0517,0.00392,0.000143,0.168,0.328,118.287,0
Fucking Hostile - 2012 Remaster,Pantera,0.517,0.986,9,-4.522,1,0.171,4.27e-05,4.01e-05,0.22,0.528,93.821,0
I Wanna Be Somebody,W.A.S.P.,0.285,0.825,1,-7.049,0,0.0466,0.000826,0.0,0.268,0.516,164.611,0
A New Level - 2012 Remaster,Pantera,0.324,0.925,6,-6.122,0,0.0883,2.57e-05,0.257,0.092,0.413,136.614,0
Primal Concrete Sledge,Pantera,0.38,0.847,2,-12.352,1,0.0897,0.000117,0.265,0.216,0.119,133.182,0
Cowboys from Hell,Pantera,0.415,0.908,2,-9.701,1,0.0765,0.00437,0.0345,0.082,0.437,114.816,0
Seek & Destroy - Remastered,Metallica,0.445,0.964,9,-5.493,1,0.282,0.037,0.0132,0.0773,0.448,140.817,0
Ride The Lightning - Remastered,Metallica,0.257,0.975,9,-6.128,1,0.175,6.07e-05,0.1,0.222,0.276,149.312,0
Arise,Sepultura,0.372,0.961,9,-6.765,0,0.0931,1.52e-05,0.0548,0.0916,0.159,115.336,0
For Whom The Bell Tolls - Remastered,Metallica,0.518,0.858,0,-6.147,1,0.0672,0.00563,0.00349,0.0598,0.249,117.897,0
Tornado Of Souls,Megadeth,0.405,0.932,7,-11.151,1,0.0929,0.00215,0.0317,0.072,0.408,194.639,0
Stranded,Gojira,0.513,0.88,7,-4.69,0,0.0309,9.59e-05,0.00614,0.0824,0.495,92.358,0
The Heretic Anthem,Slipknot,0.451,0.993,1,-4.143,1,0.185,0.000562,0.00479,0.152,0.14,100.827,0
Bellyfull - 1990 Digital Remaster,The Gladiators,0.845,0.334,8,-13.912,0,0.235,0.024,0.0,0.0426,0.773,79.648,0
Pass The Kutchie,Mighty Diamonds,0.7,0.476,0,-9.771,1,0.0703,4.48e-05,0.00158,0.0946,0.652,143.413,0
Three Little Birds,Bob Marley & The Wailers,0.826,0.49,9,-10.477,1,0.0676,0.00916,4.41e-06,0.0415,0.627,74.126,0
Rimas Pa' Seducir,Cultura Profética,0.764,0.314,11,-9.911,1,0.0381,0.803,0.0,0.107,0.399,124.052,0
Cool and Calm,Israel Vibration,0.795,0.415,0,-10.466,1,0.153,0.127,8.76e-06,0.0669,0.821,76.28,0
Act Of Affection,Wailing Souls,0.821,0.612,2,-7.013,1,0.0637,0.101,0.000202,0.0368,0.864,137.46,0
"Roots, Rock, Reggae",Bob Marley & The Wailers,0.855,0.473,11,-9.846,0,0.146,0.0719,2.71e-05,0.0795,0.682,139.175,0
The International Herb,Culture,0.825,0.433,5,-13.085,0,0.337,0.0585,0.0,0.0618,0.687,127.686,0
Fighting Against Conviction,Bunny Wailer,0.703,0.336,1,-15.422,0,0.334,0.0937,0.0258,0.0447,0.712,73.911,0
Steppin' Out,Steel Pulse,0.866,0.56,5,-9.848,0,0.0501,0.0574,0.0,0.0825,0.961,140.484,0
Really Like You,Sara Lugo,0.683,0.574,5,-6.288,1,0.0641,0.142,0.0,0.146,0.809,169.948,0
Time,Don Carlos,0.77,0.304,1,-8.988,0,0.15,0.0216,0.0,0.0503,0.683,155.442,0
My Master's Will,Israel Vibration,0.857,0.537,1,-7.392,1,0.242,0.153,0.0,0.101,0.737,143.757,0
Stjärnorna Finns Här,Kapten Röd,0.7,0.831,6,-5.262,0,0.257,0.0922,0.0,0.273,0.753,164.934,0
Got My Head On Straight,John Holt,0.782,0.544,10,-8.555,1,0.0567,0.0999,1.09e-05,0.0606,0.869,143.075,0
Jamming,Bob Marley & The Wailers,0.935,0.479,11,-10.981,0,0.306,0.107,5.25e-05,0.118,0.773,123.644,0
Un Deseo,Cultura Profética,0.923,0.592,4,-4.878,1,0.0449,0.234,1.18e-05,0.109,0.953,127.969,0
Natural Mystic,Bob Marley & The Wailers,0.876,0.282,7,-12.618,1,0.319,0.0503,4.76e-05,0.0741,0.801,130.958,0
Wa-Do-Dem,Eek-A-Mouse,0.855,0.602,0,-7.289,1,0.0595,0.376,0.0,0.167,0.81,77.514,0
My Mind,Hugh Mundell,0.818,0.418,4,-9.336,0,0.2,0.0321,1.56e-05,0.0736,0.609,148.588,0
Soul Rebel - 1990 Digital Remaster,The Gladiators,0.822,0.324,0,-12.85,1,0.0422,0.021,0.000302,0.0647,0.698,84.3,0
Material Man,Gregory Isaacs,0.927,0.313,2,-12.213,1,0.12,0.0825,0.00839,0.0804,0.943,128.952,0
Mas Alla De Tus Ojos,Dread Mar I,0.784,0.368,4,-7.137,0,0.0463,0.347,0.00287,0.123,0.397,143.87,0
Handsworth Revolution,Steel Pulse,0.911,0.429,10,-15.206,1,0.117,0.0238,1.86e-06,0.0608,0.808,118.026,0
Cinderella,Eric Donaldson,0.778,0.598,3,-8.242,1,0.0394,0.0366,0.0,0.459,0.89,130.447,0
There Is a Spell over This City,Roots Circus,0.768,0.679,4,-5.384,1,0.0941,0.259,4.28e-05,0.302,0.836,149.836,0
Cool Rasta,The Heptones,0.892,0.144,5,-20.142,0,0.118,0.168,0.108,0.0474,0.591,132.73,0
Dreadlocks The Time Is Now - 1990 Digital Remaster,The Gladiators,0.826,0.476,8,-15.109,0,0.167,0.000199,1.43e-05,0.0683,0.843,138.269,0
Fire House Rock,Wailing Souls,0.813,0.615,9,-5.838,1,0.0423,0.225,0.000533,0.0753,0.923,130.206,0
Coming In From The Cold,Bob Marley & The Wailers,0.734,0.631,5,-6.887,1,0.098,0.258,2.4e-06,0.0752,0.962,141.478,0
Irreplaceable,Beyoncé,0.576,0.697,10,-4.192,1,0.326,0.0286,1.15e-06,0.167,0.501,175.906,0
Love Don't Change,Jeremih,0.539,0.424,11,-9.361,1,0.0406,0.317,0.0,0.108,0.17,118.071,0
If I Ain't Got You,Alicia Keys,0.609,0.444,7,-9.129,1,0.106,0.603,6.86e-06,0.104,0.166,118.402,0
Falsetto,The-Dream,0.732,0.549,0,-4.194,1,0.0312,0.163,6.01e-05,0.122,0.479,131.006,0
Smack That,Akon,0.94,0.743,5,-5.166,0,0.0475,0.317,0.0,0.0909,0.932,118.988,0
Buy U a Drank (Shawty Snappin') (feat. Yung Joc),T-Pain,0.451,0.55,1,-8.137,1,0.262,0.0108,0.0,0.0737,0.594,80.001,0
Yeah! (feat. Lil Jon & Ludacris),Usher,0.894,0.791,2,-4.699,1,0.112,0.0183,0.0,0.0388,0.583,105.018,0
Kiss Me Thru The Phone,Soulja Boy,0.757,0.719,7,-3.797,1,0.108,0.0192,0.0,0.084,0.814,150.011,0
Mad,Ne-Yo,0.731,0.644,0,-5.348,1,0.0343,0.665,0.0,0.11,0.691,129.94,0
Say Aah (feat. Fabolous),Trey Songz,0.724,0.87,1,-3.614,0,0.113,0.00453,0.0,0.833,0.81,93.01,0
Slow Motion,JUVENILE,0.713,0.734,0,-4.894,0,0.325,0.549,0.0,0.0687,0.891,172.871,0
Tha Crossroads,Bone Thugs-N-Harmony,0.679,0.509,4,-7.31,1,0.0617,0.0856,0.0,0.438,0.534,144.29,0
Leave with Me,Akif,0.817,0.633,4,-6.234,0,0.0475,0.209,1.24e-05,0.117,0.57,98.033,0
Bed,J. Holiday,0.684,0.606,5,-7.268,0,0.0504,0.17,0.0,0.058,0.723,127.901,0
Sweet Love,Amber Lee,0.827,0.578,6,-4.672,0,0.115,0.263,0.0,0.118,0.729,96.989,0
One Wish,Ray J,0.525,0.652,5,-7.042,0,0.28,0.278,0.0,0.339,0.602,127.673,0
Ain't Thinkin' 'Bout You,Bow Wow,0.54,0.617,1,-5.534,1,0.125,0.0113,0.0,0.088,0.127,116.635,0
Do You Remember,Jay Sean,0.854,0.674,11,-4.896,1,0.0705,0.0204,0.0,0.101,0.818,125.845,0
You and Me,Yelawolf,0.598,0.448,1,-8.525,0,0.0342,0.109,0.00105,0.123,0.0727,140.97,0
Hate That I Love You,Rihanna,0.637,0.73,5,-5.38,0,0.0874,0.323,0.0,0.0981,0.732,93.867,0
How Do I Breathe,Mario,0.684,0.458,5,-8.25,1,0.0303,0.209,0.0,0.273,0.502,97.96,0
Ice Box,Omarion,0.775,0.731,8,-5.446,1,0.134,0.189,0.0,0.129,0.821,131.103,0
The Business (feat. Casha),Yung Berg,0.63,0.726,7,-5.372,1,0.177,0.00867,0.0,0.0864,0.327,133.317,0
Hey Daddy (Daddy's Home) (feat. Plies),Usher,0.402,0.741,11,-3.822,1,0.0411,0.000299,0.0,0.203,0.356,127.835,0
Sexy Love,Ne-Yo,0.693,0.516,8,-6.446,1,0.0413,0.297,0.000127,0.0604,0.494,94.02,0
I Need a Girl,Trey Songz,0.602,0.785,7,-6.129,1,0.0578,0.245,0.0,0.19,0.565,84.038,0
Flammable,Robsan,0.876,0.534,1,-6.788,1,0.0647,0.000239,5.74e-05,0.111,0.416,125.953,0
You Make Me Wanna...,Usher,0.761,0.639,5,-7.577,0,0.0539,0.0359,0.0,0.0945,0.922,164.088,0
One In A Million,Ne-Yo,0.761,0.797,11,-5.942,1,0.0381,0.115,2.13e-06,0.329,0.635,100.023,0
I Luv Your Girl,The-Dream,0.723,0.322,8,-9.702,1,0.0341,0.014,0.0,0.119,0.0406,90.063,0
Our Remains - Acoustic,Beta Radio,0.64,0.253,1,-14.988,0,0.031,0.895,0.000101,0.122,0.191,99.099,0
Loretta,Aoife O'Donovan,0.491,0.418,3,-9.121,1,0.0451,0.971,0.000102,0.157,0.561,97.631,0
If You Could Read My Mind,Gordon Lightfoot,0.612,0.24,9,-12.821,1,0.033,0.745,7.86e-05,0.115,0.223,122.565,0
Catch the Wind,Donovan,0.385,0.305,3,-12.167,1,0.0296,0.452,7.69e-06,0.128,0.547,173.377,0
Helplessly Hoping - 2005 Remaster,"Crosby, Stills & Nash",0.483,0.159,7,-13.648,1,0.0353,0.914,0.0,0.111,0.423,146.721,0
Mess Is Mine,Vance Joy,0.595,0.723,7,-8.256,1,0.0349,0.047,0.0286,0.0995,0.272,108.043,0
Fast Car,Tracy Chapman,0.711,0.292,4,-15.523,0,0.037,0.313,0.0,0.131,0.194,103.951,0
Big Black Car,Gregory Alan Isakov,0.6,0.186,3,-15.926,1,0.0317,0.909,0.00102,0.104,0.468,110.044,0
I'll Be Here in the Morning,Townes Van Zandt,0.558,0.17,4,-18.882,1,0.0331,0.887,0.037,0.113,0.635,76.835,0
Waiting Around to Die,Townes Van Zandt,0.551,0.233,6,-18.251,0,0.0312,0.71,0.000949,0.11,0.659,89.574,0
Diamonds And Rust,Joan Baez,0.506,0.343,5,-12.153,0,0.03,0.243,0.0,0.141,0.265,130.052,0
By and By,Caamp,0.584,0.474,9,-7.981,1,0.0258,0.796,2.69e-06,0.115,0.332,101.457,0
Girl from the North Country,Bob Dylan,0.607,0.142,7,-23.455,1,0.0382,0.843,0.000197,0.121,0.305,118.867,0
The Times They Are A-Changin',Bob Dylan,0.389,0.396,7,-7.999,1,0.0332,0.887,0.0,0.0828,0.585,171.86,0
Time After Time,Iron & Wine,0.627,0.247,1,-13.303,1,0.0321,0.811,0.0587,0.112,0.639,125.305,0
All My Days,Alexi Murdoch,0.417,0.425,2,-10.99,1,0.032,0.807,0.732,0.097,0.506,88.272,0
Into the Mystic - 2013 Remaster,Van Morrison,0.608,0.524,8,-10.266,1,0.0309,0.367,0.00254,0.115,0.797,86.204,0
One Of These Things First,Nick Drake,0.604,0.37,4,-18.45,1,0.0362,0.836,0.346,0.0954,0.666,90.339,0
Let Him Fly,Patty Griffin,0.505,0.232,2,-7.75,1,0.035,0.8,0.0,0.105,0.425,112.348,0
Road,Nick Drake,0.586,0.426,4,-8.673,0,0.0362,0.842,0.815,0.0898,0.793,150.968,0
America,Simon & Garfunkel,0.259,0.241,2,-15.955,1,0.042,0.554,6.62e-06,0.0849,0.275,178.453,0
Donna Donna,Joan Baez,0.579,0.0233,6,-18.57,0,0.0445,0.957,6.74e-05,0.101,0.389,117.444,0
The Stable Song,Gregory Alan Isakov,0.626,0.432,2,-11.948,1,0.0283,0.633,0.00239,0.127,0.361,137.93,0
Fever To The Form,Nick Mulvey,0.358,0.546,0,-8.927,0,0.0296,0.795,0.0586,0.111,0.264,106.489,0
Blues Run the Game - Studio Outtake - 1965,Simon & Garfunkel,0.517,0.117,11,-19.164,1,0.0331,0.904,1.12e-06,0.109,0.401,91.69,0
Here Comes The Sun,Richie Havens,0.698,0.643,2,-16.985,1,0.0649,0.803,0.0799,0.704,0.714,128.22,0
Secret - Acoustic,Angel Snow,0.599,0.295,3,-11.548,1,0.0264,0.655,0.000921,0.102,0.145,112.579,0
Flowers In Your Hair,The Lumineers,0.676,0.609,7,-10.183,1,0.034,0.753,5.85e-05,0.209,0.557,127.45,0
People Change,Mipso,0.373,0.276,7,-14.945,1,0.0357,0.883,0.0124,0.122,0.409,79.204,0
Morning,Sarah Jarosz,0.573,0.341,7,-11.324,1,0.0327,0.854,0.0436,0.107,0.334,128.989,0
Dummy,Portugal. The Man,0.747,0.649,11,-5.807,0,0.0419,0.0139,0.00333,0.115,0.774,91.05,0
New Gold (feat. Tame Impala and Bootie Brown),Gorillaz,0.695,0.923,1,-3.93,0,0.0522,0.0425,0.0469,0.116,0.551,108.014,0
Rescue Me,Dirty Heads,0.62,0.689,8,-4.572,0,0.217,0.149,0.0,0.0849,0.808,156.042,0
The Walk Home,Young the Giant,0.515,0.899,7,-6.404,1,0.0493,0.0062,1.18e-05,0.49,0.31,124.993,0
Bounce,Oliver Tree,0.612,0.676,0,-4.931,0,0.0574,0.0307,1.05e-06,0.467,0.548,175.982,0
Dial Drunk,Noah Kahan,0.693,0.595,8,-7.578,1,0.0311,0.0969,0.0,0.113,0.646,112.02,0
Chemical,Post Malone,0.498,0.897,2,-4.907,1,0.045,0.00136,0.0,0.118,0.373,169.902,0
The Narcissist,Blur,0.563,0.908,1,-5.318,0,0.034,0.0363,3.14e-05,0.571,0.524,127.969,0
Hello,GROUPLOVE,0.493,0.935,1,-4.133,1,0.0294,0.00118,0.0,0.225,0.774,94.964,0
Those Eyes,New West,0.593,0.352,4,-8.296,1,0.0284,0.695,2.22e-05,0.3,0.226,119.988,0
Paper Machete,Queens of the Stone Age,0.439,0.919,1,-4.561,0,0.0649,0.00389,0.437,0.12,0.55,132.301,0
Kid,The Revivalists,0.331,0.889,1,-4.308,0,0.0765,0.0082,0.0002,0.135,0.416,157.62,0
Blame Brett,The Beaches,0.461,0.87,1,-3.458,0,0.042,0.00527,1.59e-05,0.343,0.79,155.913,0
Overcome,Nothing But Thieves,0.413,0.876,11,-4.577,1,0.057,0.000938,0.000104,0.387,0.341,164.08,0
Cannonballers,Colony House,0.546,0.968,5,-3.613,0,0.0478,0.00399,0.000496,0.193,0.783,158.009,0
Alive!,Bakar,0.75,0.736,8,-5.405,0,0.0307,0.517,1.23e-05,0.0866,0.579,97.032,0
Running Out Of Time,Paramore,0.736,0.534,11,-9.22,0,0.0367,0.0433,0.00434,0.0664,0.552,127.035,0
Say Yes To Heaven,Lana Del Rey,0.49,0.352,6,-11.577,0,0.0254,0.709,0.0856,0.114,0.166,99.992,0
Odyssey,Beck,0.695,0.781,6,-3.742,1,0.0382,0.0679,0.000423,0.317,0.89,115.993,0
Think Fast (feat. Weezer),Dominic Fike,0.538,0.452,2,-7.994,1,0.0462,0.368,2.26e-05,0.0635,0.209,168.102,0
We Didn’t Start The Fire,Fall Out Boy,0.567,0.961,7,-4.084,1,0.0572,0.00139,3.7e-05,0.102,0.669,151.92,0
blame,The Maine,0.649,0.908,11,-5.028,0,0.037,0.0339,3.04e-05,0.137,0.667,104.011,0
only wanna dance,almost monday,0.51,0.915,9,-4.948,1,0.0891,0.000355,0.00701,0.231,0.941,168.965,0
The Dumb Song,AJR,0.513,0.689,0,-5.369,1,0.0462,0.118,0.0,0.147,0.716,170.832,0
Hold Me Like a Grudge,Fall Out Boy,0.646,0.798,4,-5.283,0,0.0767,0.000305,9.84e-05,0.0922,0.821,113.959,0
Nosebleeds,MisterWives,0.616,0.804,6,-3.259,1,0.0564,0.0387,0.0,0.398,0.7,115.075,0
Lowlife,YUNGBLUD,0.631,0.884,2,-2.892,1,0.1,0.0632,0.0,0.325,0.878,92.507,0
Salad,Blondshell,0.559,0.796,7,-5.197,1,0.0356,0.0078,0.793,0.0921,0.268,112.015,0
Eat Your Young,Hozier,0.553,0.587,5,-6.829,1,0.0277,0.345,0.1,0.256,0.346,90.018,0
Hollywood Baby,100 gecs,0.354,0.931,10,0.706,1,0.0769,0.0586,0.0,0.298,0.564,77.135,0
When The Sun Goes Down,Arctic Monkeys,0.348,0.875,11,-4.758,0,0.199,0.0341,0.0,0.117,0.407,169.152,0
Take Her Back,The Pigeon Detectives,0.488,0.962,0,-1.589,1,0.0338,0.00202,2.03e-06,0.261,0.658,109.07,0
Little Talks,Of Monsters and Men,0.457,0.757,1,-5.177,1,0.032,0.0206,0.0,0.146,0.417,102.961,0
A-Punk,Vampire Weekend,0.551,0.819,2,-4.489,1,0.0525,0.0103,0.0437,0.153,0.846,174.917,0
Post Break-Up Sex,The Vaccines,0.401,0.902,5,-4.115,1,0.0469,7.32e-05,0.00465,0.261,0.57,136.873,0
This Fire,Franz Ferdinand,0.549,0.87,7,-9.453,1,0.0543,0.00249,2.08e-06,0.127,0.671,138.078,0
Slow Hands,Interpol,0.245,0.974,11,-2.523,0,0.0496,0.00045,0.438,0.363,0.644,141.885,0
Twice,Catfish and the Bottlemen,0.408,0.817,0,-4.59,1,0.0759,0.000163,0.03,0.403,0.288,136.617,0
Ooh La,The Kooks,0.545,0.873,10,-5.193,0,0.0825,0.0263,9.1e-05,0.145,0.748,150.841,0
When Am I Gonna Lose You,Local Natives,0.452,0.834,11,-4.657,1,0.0967,0.0417,0.00036,0.119,0.514,142.088,0
Houdini,Foster The People,0.632,0.908,8,-3.511,1,0.0458,0.00762,0.000172,0.167,0.764,110.024,0
R U Mine?,Arctic Monkeys,0.288,0.758,6,-5.692,0,0.0371,0.00616,0.0,0.303,0.619,97.094,0
Evil,Interpol,0.489,0.769,5,-3.524,1,0.038,0.00135,0.56,0.0727,0.637,128.985,0
Undercover Martyn,Two Door Cinema Club,0.454,0.873,2,-5.072,1,0.122,0.000244,1.73e-05,0.0847,0.562,159.814,0
"Eat, Sleep, Wake (Nothing But You)",Bombay Bicycle Club,0.596,0.807,1,-7.893,0,0.028,0.000132,0.264,0.312,0.288,117.016,0
Help I'm Alive,Metric,0.57,0.884,5,-4.55,0,0.0601,0.00826,0.00322,0.364,0.405,118.485,0
D Is for Dangerous,Arctic Monkeys,0.551,0.928,1,-4.776,1,0.0365,1.05e-05,0.000108,0.145,0.736,145.057,0
Fallout,Catfish and the Bottlemen,0.358,0.851,8,-3.76,1,0.0549,9.66e-05,0.0,0.363,0.341,146.028,0
Naive,The Kooks,0.391,0.808,8,-6.209,0,0.0892,0.0759,0.0,0.149,0.737,100.304,0
New Slang - 2021 Remaster,The Shins,0.67,0.403,0,-10.623,1,0.031,0.753,0.0903,0.0858,0.622,129.984,0
I Bet You Look Good On The Dancefloor,Arctic Monkeys,0.535,0.948,6,-4.19,0,0.0356,0.00225,0.0,0.376,0.778,103.183,0
Seaside,The Kooks,0.629,0.422,10,-8.542,0,0.0411,0.705,0.0,0.124,0.325,129.456,0
Australia,The Shins,0.416,0.827,4,-5.177,1,0.0384,0.00428,0.000242,0.277,0.87,169.902,0
She Moves In Her Own Way,The Kooks,0.41,0.803,7,-5.363,1,0.0623,0.239,0.0,0.103,0.814,153.315,0
Hang Me Up To Dry,Cold War Kids,0.509,0.922,9,-2.823,0,0.031,0.0219,0.00117,0.496,0.645,92.5,0
The Suburbs,Arcade Fire,0.619,0.686,6,-6.125,0,0.0265,0.0565,0.0237,0.142,0.538,117.777,0
In The Morning,Razorlight,0.616,0.855,4,-3.495,0,0.042,0.00379,0.000863,0.318,0.686,124.191,0
What You Know,Two Door Cinema Club,0.563,0.739,6,-4.239,0,0.0416,0.00073,1.45e-05,0.0822,0.775,139.0,0
12:51,The Strokes,0.451,0.889,4,-3.838,1,0.0379,0.312,0.8,0.558,0.592,145.056,0
A Certain Romance,Arctic Monkeys,0.455,0.881,11,-5.587,1,0.0401,0.000566,6.06e-05,0.11,0.201,137.949,0
It's Your Thing,The Isley Brothers,0.376,0.67,10,-9.273,1,0.0854,0.0727,2.52e-06,0.0718,0.837,185.503,0
What's Going On,Marvin Gaye,0.283,0.716,1,-9.632,0,0.0986,0.447,0.0,0.399,0.828,201.96,0
You're All I Need To Get By,Marvin Gaye,0.513,0.448,11,-11.074,0,0.0325,0.135,0.0,0.0678,0.172,97.63,0
Fa-Fa-Fa-Fa-Fa (Sad Song),Otis Redding,0.751,0.364,10,-11.987,1,0.0308,0.468,0.00418,0.186,0.882,97.972,0
Good Times,Sam Cooke,0.663,0.638,2,-8.765,1,0.0592,0.691,0.0,0.302,0.869,119.476,0
Nothing Can Change This Love,Sam Cooke,0.373,0.301,9,-11.843,1,0.0314,0.769,0.0,0.0816,0.436,65.488,0
California Dreamin',Bobby Womack,0.47,0.385,6,-13.159,0,0.0296,0.767,0.0653,0.179,0.694,112.377,0
Chain of Fools,Aretha Franklin,0.721,0.567,10,-9.516,1,0.0389,0.221,0.0,0.465,0.914,116.643,0
My Girl,The Temptations,0.572,0.418,0,-10.738,1,0.0349,0.635,0.0,0.0961,0.694,104.566,0
Mr. Big Stuff,Jean Knight,0.886,0.491,8,-12.589,1,0.171,0.29,2.46e-06,0.229,0.971,93.236,0
Soul Man,Sam & Dave,0.79,0.41,0,-13.241,1,0.0343,0.263,0.00314,0.174,0.815,112.345,0
"Love, Love, Love",Donny Hathaway,0.487,0.707,8,-7.775,1,0.0595,0.691,0.0,0.161,0.639,95.136,0
Who's Lovin' You,The Jackson 5,0.247,0.307,7,-13.16,1,0.0371,0.648,2.43e-05,0.281,0.403,161.982,0
Sir Duke,Stevie Wonder,0.588,0.568,6,-9.766,1,0.0672,0.16,0.0,0.0792,0.952,106.938,0
Pain in My Heart,Otis Redding,0.476,0.227,10,-13.947,1,0.0389,0.666,0.000397,0.115,0.651,164.179,0
When a Man Loves a Woman,Percy Sledge,0.516,0.15,1,-20.41,1,0.0272,0.13,0.0755,0.122,0.205,97.398,0
Let's Stay Together,Al Green,0.756,0.401,7,-10.702,0,0.0526,0.582,0.011,0.0541,0.514,101.954,0
Stand by Me,Ben E. King,0.65,0.306,9,-9.443,1,0.0393,0.57,7.07e-06,0.0707,0.605,118.068,0
Jealous Guy,Donny Hathaway,0.457,0.475,7,-8.985,1,0.0437,0.6,1.55e-06,0.637,0.654,122.122,0
You Make Me Feel Brand New,The Stylistics,0.453,0.359,7,-8.567,1,0.0247,0.849,3.02e-05,0.137,0.178,76.015,0
Get Ready,The Temptations,0.59,0.737,7,-5.867,1,0.0384,0.404,0.0,0.108,0.877,132.966,0
(Sittin' On) the Dock of the Bay,Otis Redding,0.769,0.367,2,-11.226,1,0.0312,0.684,1.62e-05,0.081,0.535,103.621,0
Move on Up - Single Edit,Curtis Mayfield,0.538,0.969,11,-5.626,0,0.0906,0.417,0.00154,0.119,0.928,138.652,0
Cupid,Sam Cooke,0.485,0.433,7,-10.503,1,0.0342,0.476,0.0,0.0861,0.825,120.471,0
Lean on Me,Bill Withers,0.619,0.22,0,-13.843,1,0.0672,0.782,1.19e-05,0.124,0.426,75.143,0
You Send Me - Mono,Sam Cooke,0.572,0.365,4,-7.583,0,0.0276,0.88,0.0,0.125,0.41,96.022,0
Respect,Aretha Franklin,0.805,0.558,0,-5.226,1,0.041,0.164,2.2e-05,0.0546,0.965,114.95,0
Ain't No Sunshine,Bill Withers,0.527,0.415,4,-11.451,0,0.122,0.457,1.72e-05,0.117,0.515,78.169,0
I'd Rather Go Blind,Etta James,0.477,0.433,11,-6.473,0,0.0247,0.689,0.000195,0.151,0.611,82.52,0
Cigarettes and Coffee,Otis Redding,0.483,0.275,0,-13.609,1,0.0418,0.232,0.0,0.125,0.31,138.063,0
People Get Up And Drive Your Funky Soul - Remix,James Brown,0.8,0.802,0,-5.439,1,0.166,0.23,0.00379,0.0971,0.82,97.586,0
Superfly,Curtis Mayfield,0.784,0.708,2,-9.141,1,0.11,0.457,7.5e-05,0.0913,0.748,120.11,0
Give Up The Funk (Tear The Roof Off The Sucker),Parliament,0.717,0.665,9,-9.503,1,0.0523,0.0659,0.0,0.326,0.774,105.693,0
Getaway,"Earth, Wind & Fire",0.724,0.879,5,-9.412,0,0.0369,0.124,0.0155,0.359,0.826,112.595,0
Pick Up the Pieces,Average White Band,0.768,0.853,10,-5.915,0,0.0427,0.0548,0.13,0.0188,0.889,107.234,0
Get Up Offa That Thing,James Brown,0.864,0.813,2,-6.909,1,0.361,0.217,0.0,0.874,0.72,118.006,0
Use Me,Bill Withers,0.758,0.586,11,-13.461,0,0.056,0.033,0.0028,0.0743,0.947,154.629,0
Got To Give It Up,Marvin Gaye,0.838,0.806,2,-9.738,1,0.0408,0.213,0.00203,0.354,0.846,123.121,0
More Mess on My Thing,The Poets Of Rhythm,0.542,0.869,0,-6.18,1,0.0947,0.225,0.891,0.0453,0.962,190.132,0
Ghetto Life,Rick James,0.758,0.716,0,-8.609,1,0.0875,0.354,0.0,0.126,0.896,116.648,0
Good Times,CHIC,0.87,0.657,2,-7.32,1,0.0522,0.149,0.0102,0.053,0.893,110.596,0
Baby I'm Yours,Breakbot,0.829,0.792,2,-3.755,0,0.0668,0.726,5.83e-06,0.122,0.758,118.05,0
Dean Town,Vulfpeck,0.796,0.608,11,-10.936,1,0.041,0.499,0.887,0.0979,0.907,108.756,0
Jungle Boogie,Kool & The Gang,0.808,0.85,5,-8.772,1,0.0868,0.115,0.000109,0.316,0.717,106.855,0
Give It To Me Baby,Rick James,0.706,0.727,11,-8.714,1,0.0456,0.114,7.7e-05,0.174,0.965,119.55,0
The Groove Line,Heatwave,0.745,0.734,11,-9.835,0,0.03,0.0801,0.00471,0.299,0.777,119.634,0
Brick House,Commodores,0.831,0.782,4,-10.48,0,0.0595,0.0731,0.0171,0.032,0.631,107.877,0
Stomp! - Single Version,The Brothers Johnson,0.859,0.782,10,-8.344,1,0.0369,0.154,0.0297,0.0693,0.931,119.518,0
Outstanding,The Gap Band,0.738,0.498,6,-12.091,1,0.0286,0.223,1.57e-05,0.155,0.774,99.084,0
Cosmic Sans,Cory Wong,0.753,0.854,4,-8.338,0,0.0472,0.361,0.8,0.111,0.856,114.033,0
What Is Hip?,Tower Of Power,0.666,0.733,9,-5.884,1,0.0563,0.138,0.000349,0.0892,0.597,101.858,0
Forget Me Nots - Remastered,Patrice Rushen,0.919,0.458,6,-6.963,0,0.0429,0.0797,0.0558,0.0534,0.963,113.82,0
I'm In Love,"Evelyn ""Champagne"" King",0.912,0.392,5,-12.01,0,0.0916,0.0372,0.198,0.27,0.791,114.929,0
Pusherman,Curtis Mayfield,0.851,0.669,10,-9.562,1,0.0379,0.239,0.0852,0.108,0.911,126.624,0
Beijo (Interlude),"Earth, Wind & Fire",0.841,0.752,11,-11.165,0,0.0898,0.248,0.0068,0.105,0.549,112.362,0
In the Stone,"Earth, Wind & Fire",0.656,0.662,4,-10.346,1,0.0493,0.0964,0.000612,0.0853,0.717,114.612,0
Thank You (Falettinme Be Mice Elf Agin) - Single Version,Sly & The Family Stone,0.9,0.709,9,-12.683,1,0.0636,0.296,0.00047,0.0863,0.897,105.822,0
Hollywood Swinging,Kool & The Gang,0.623,0.824,6,-8.971,0,0.0479,0.0195,0.13,0.0491,0.574,111.356,0
You Give Me Something,Jamiroquai,0.639,0.69,7,-10.047,1,0.264,0.0265,0.000551,0.146,0.579,119.63,0
Disco Ulysses (Instrumental),Vulfpeck,0.74,0.707,8,-10.464,0,0.0539,0.0422,0.888,0.0909,0.969,133.715,0
Disconnected,Face To Face,0.427,0.978,11,-6.639,1,0.0774,0.0307,7.01e-06,0.335,0.747,193.707,0
I'm The One,Descendents,0.391,0.968,0,-6.324,1,0.0624,0.0102,7.01e-05,0.446,0.647,90.483,0
'Merican,Descendents,0.524,0.99,9,-4.009,0,0.11,0.0405,0.0,0.226,0.37,100.653,0
Over My Head (Better Off Dead),Sum 41,0.44,0.919,7,-4.462,1,0.0735,0.00222,0.00503,0.0892,0.773,184.324,0
Die Mauer,Ebba Grön,0.493,0.516,0,-11.304,1,0.0418,0.0306,0.0,0.189,0.487,129.5,0
Underclass Hero,Sum 41,0.347,0.988,9,-2.979,1,0.127,0.000708,0.0,0.101,0.765,191.933,0
No Cigar,Millencolin,0.383,0.986,9,-2.796,1,0.0617,0.000287,0.0,0.179,0.578,157.871,0
Fall Back Down,Rancid,0.525,0.989,4,-1.438,1,0.0527,0.00244,0.0,0.123,0.504,104.069,0
Amoeba,Adolescents,0.231,0.962,4,-7.341,1,0.0753,7.97e-05,0.00175,0.803,0.534,189.29,0
Bro Hymn - 2005 Remaster,Pennywise,0.408,0.82,0,-5.116,1,0.0423,0.0118,6.58e-06,0.689,0.382,98.288,0
Blind,Face To Face,0.385,0.967,0,-3.347,1,0.0614,0.00241,4.39e-06,0.256,0.662,195.612,0
Suffer,Bad Religion,0.39,0.974,9,-3.243,0,0.0774,0.000193,0.0,0.119,0.67,144.312,0
Peaceful Day - 2005 Remaster,Pennywise,0.338,0.98,2,-3.463,0,0.142,0.00394,0.0,0.224,0.319,117.613,0
Maxwell Murder,Rancid,0.503,0.983,5,-5.991,1,0.0809,0.0859,0.00197,0.12,0.549,155.823,0
The Hell Song,Sum 41,0.359,0.935,8,-5.529,0,0.0817,0.000143,0.0141,0.351,0.658,173.429,0
Basket Case,Green Day,0.442,0.943,3,-3.205,1,0.0602,0.00293,8.71e-06,0.091,0.781,85.064,0
Rock 'n' Roll High School - 2002 Remaster,Ramones,0.499,0.87,0,-4.431,1,0.126,0.0183,0.0,0.0512,0.893,188.853,0
Cool Kids,Screeching Weasel,0.597,0.887,7,-6.584,1,0.0406,0.000742,0.0345,0.188,0.88,93.031,0
Hopeless Romantic,The Bouncing Souls,0.243,0.981,4,-5.251,1,0.074,0.000164,1.11e-05,0.207,0.216,105.022,0
Bloodstains - Original Version,Agent Orange,0.494,0.923,10,-7.69,0,0.182,0.0962,0.0,0.128,0.577,176.216,0
Knowledge - 2007 Remaster,Operation Ivy,0.42,0.947,5,-4.269,1,0.119,0.262,6.52e-05,0.416,0.51,92.027,0
"Die, Die My Darling",Misfits,0.313,0.876,11,-13.151,0,0.0386,0.436,0.0,0.0989,0.547,172.717,0
The Separation of Church and Skate,NOFX,0.371,0.948,5,-3.796,1,0.159,0.00378,4.23e-05,0.0668,0.278,137.187,0
Suburban Home,Descendents,0.388,0.771,2,-9.393,1,0.0385,5.46e-05,0.0,0.359,0.826,99.258,0
All The Small Things,blink-182,0.434,0.897,0,-4.918,1,0.0488,0.0103,0.0,0.612,0.684,148.726,0
Cell Out,NOFX,0.364,0.98,0,-3.14,0,0.0367,7.02e-06,0.00312,0.816,0.661,120.008,0
Seeing Double at the Triple Rock,NOFX,0.549,0.981,0,-4.308,1,0.118,0.00012,3.81e-06,0.41,0.593,120.866,0
Bob,NOFX,0.571,0.854,0,-6.191,1,0.0694,0.0227,0.0,0.446,0.767,90.396,0
Leave It Alone,NOFX,0.361,0.857,5,-9.079,1,0.0449,0.000174,0.0154,0.396,0.468,99.061,0
Rudie Can't Fail - Remastered,The Clash,0.636,0.684,6,-9.37,0,0.0596,0.00312,0.0,0.0402,0.684,96.989,0
Deus Cuida de Mim,Kleber Lucas,0.62,0.314,8,-11.961,1,0.0298,0.251,0.0,0.144,0.227,98.745,0
"Sonda-me, Usa-me",Aline Barros,0.292,0.565,0,-7.204,1,0.0335,0.423,0.0,0.566,0.173,136.286,0
Every Praise - (album edit),Hezekiah Walker,0.557,0.746,8,-6.783,1,0.0306,0.0144,0.0,0.252,0.327,103.492,0
Eu Te Amo Tanto (feat. Marquinhos Gomes),Irmão Lázaro,0.509,0.683,7,-2.772,1,0.0349,0.631,0.0,0.712,0.432,124.014,0
Deus e Eu - Ao Vivo,Leandro Borges,0.653,0.484,9,-8.65,1,0.04,0.727,0.0,0.687,0.576,127.191,0
Sou Humano,Bruna Karla,0.654,0.494,4,-6.735,1,0.0282,0.475,0.0,0.129,0.156,120.021,0
Cuido dos Detalhes,André e Felipe,0.541,0.346,7,-9.926,0,0.0332,0.759,0.0,0.127,0.314,113.369,0
Deserto (Ao Vivo),Maria Marçal,0.648,0.448,11,-6.669,1,0.0312,0.282,8.5e-06,0.0931,0.461,149.844,0
Deliver Me (This Is My Exodus) (feat. Le'Andria Johnson),Donald Lawrence,0.371,0.691,1,-4.947,1,0.146,0.0325,3.94e-06,0.449,0.167,103.247,0
I Need You Now,Smokie Norful,0.339,0.273,5,-9.945,0,0.0309,0.729,0.0,0.152,0.304,96.804,0
Eu Sei Que Vem - Ao Vivo,Isadora Pompeo,0.555,0.397,0,-9.499,1,0.0324,0.237,0.0,0.412,0.169,139.815,0
He's Able,Kirk Franklin,0.528,0.805,5,-9.416,1,0.0759,0.655,0.0,0.677,0.499,80.57,0
Just Want to Praise You,Maurette Brown Clark,0.466,0.878,1,-4.78,1,0.266,0.602,0.0,0.549,0.66,107.23,0
Que Amor É Esse,Luma Elpidio,0.613,0.473,7,-6.548,1,0.0305,0.124,0.0,0.0842,0.157,129.788,0
"Faz Um Milagre Em Mim (Como Zaqueu, Eu Quero Subir) - Ao Vivo",Régis Danese,0.33,0.337,7,-12.278,1,0.0628,0.426,0.0,0.746,0.28,84.586,0
Os Sonhos de Deus,Gabriela Rocha,0.37,0.402,7,-6.136,1,0.0335,0.75,0.0,0.204,0.259,128.997,0
I Believe,James Fortune,0.485,0.78,1,-6.001,1,0.138,0.393,0.0,0.445,0.388,114.903,0
Lindo És + Só Quero Ver Você - Ao Vivo,Juliano Son,0.441,0.573,0,-7.924,1,0.0311,0.017,1.23e-06,0.707,0.118,131.042,0
Por Causa Dele - Ao Vivo,Kellen Byanca,0.467,0.591,3,-7.183,1,0.0381,0.67,0.0,0.755,0.329,123.599,0
Ninguém Explica Deus (feat. Gabriela Rocha) - Ao Vivo,Preto no Branco,0.384,0.362,7,-7.414,1,0.0274,0.815,0.0,0.313,0.38,92.411,0
I Need You To Survive,Hezekiah Walker,0.35,0.285,1,-12.603,1,0.0343,0.472,0.0,0.386,0.155,90.846,0
Encourage Yourself,Sheri Jones-Moffett,0.541,0.675,1,-5.74,1,0.066,0.1,0.0,0.977,0.355,125.776,0
Volte a Sonhar,Elaine Martins,0.503,0.525,7,-5.168,1,0.0265,0.164,0.0,0.105,0.199,136.947,0
Amazing,Hezekiah Walker,0.447,0.568,1,-7.352,1,0.0564,0.595,0.0,0.259,0.188,108.709,0
Lugar Secreto,Gabriela Rocha,0.309,0.613,9,-8.119,0,0.0375,0.146,0.00136,0.0811,0.147,137.38,0
Deus de Promessas - Ao Vivo,Davi Sacer,0.394,0.772,2,-4.618,0,0.0419,0.325,0.0,0.976,0.22,140.016,0
Maranata - Ao Vivo,Ministério Avivah,0.314,0.798,3,-5.851,1,0.0544,0.022,3.63e-06,0.362,0.336,150.129,0
Never Would Have Made It,Marvin Sapp,0.338,0.559,0,-7.053,1,0.118,0.252,0.0,0.38,0.276,168.489,0
Mesmo Sem Entender - Ao Vivo,Thalles Roberto,0.473,0.304,4,-13.385,1,0.0781,0.834,0.0,0.607,0.293,103.642,0
Vem Me Buscar - Ao Vivo,Jefferson & Suellen,0.423,0.74,3,-5.309,0,0.0344,0.0206,0.0,0.523,0.166,135.906,0
Después de la Playa,Bad Bunny,0.564,0.903,5,-3.221,1,0.307,0.356,0.0,0.175,0.607,78.293,0
Don't Be Shy,Tiësto,0.77,0.787,11,-3.748,0,0.0583,0.198,0.0,0.262,0.513,119.986,0
Caraluna,Bacilos,0.76,0.773,9,-5.314,1,0.0675,0.176,0.0,0.1,0.895,102.789,0
Borro Cassette,Maluma,0.73,0.701,5,-5.885,0,0.106,0.132,0.0,0.151,0.785,175.95,0
Yonaguni,Bad Bunny,0.644,0.648,1,-4.601,1,0.118,0.276,0.0,0.135,0.44,179.951,0
X,Nicky Jam,0.594,0.749,9,-5.298,0,0.056,0.0338,0.00106,0.3,0.694,179.968,0
La Gozadera (feat. Marc Anthony),Gente De Zona,0.616,0.989,9,-1.698,0,0.0483,0.166,0.0,0.172,0.902,95.036,0
El Perdón (with Enrique Iglesias),Nicky Jam,0.628,0.69,8,-5.83,1,0.0511,0.443,0.0,0.113,0.66,179.908,0
Una Locura,Ozuna,0.714,0.761,5,-4.596,0,0.0427,0.139,0.00035,0.241,0.906,168.022,0
No Me Conoce - Remix,Jhayco,0.804,0.787,10,-3.824,0,0.0746,0.14,0.0,0.0927,0.562,91.974,0
Envolver,Anitta,0.812,0.736,4,-5.421,0,0.0833,0.152,0.00254,0.0914,0.396,91.993,0
Criminal,NATTI NATASHA,0.814,0.813,2,-3.023,0,0.0561,0.03,9.33e-05,0.255,0.839,79.997,0
La Tortura (feat. Alejandro Sanz),Shakira,0.74,0.783,0,-5.367,1,0.0427,0.0297,0.000308,0.123,0.812,100.011,0
Todo De Ti,Rauw Alejandro,0.78,0.718,3,-3.605,0,0.0506,0.31,0.000163,0.0932,0.342,127.949,0
Time of Our Lives,Pitbull,0.721,0.802,1,-5.797,1,0.0583,0.0921,0.0,0.694,0.724,124.022,0
La Curiosidad,Jay Wheeler,0.845,0.677,11,-4.798,0,0.136,0.269,0.000917,0.108,0.68,90.013,0
Felices los 4,Maluma,0.766,0.756,5,-5.861,1,0.132,0.213,0.0,0.349,0.716,94.027,0
DESPECHÁ,ROSALÍA,0.919,0.623,7,-6.521,1,0.0992,0.184,1.63e-05,0.0609,0.775,130.037,0
Chantaje (feat. Maluma),Shakira,0.852,0.773,8,-2.921,0,0.0776,0.187,3.05e-05,0.159,0.907,102.034,0
La Camisa Negra,Juanes,0.751,0.731,6,-4.419,0,0.0308,0.0838,0.0,0.0556,0.973,97.007,0
Tití Me Preguntó,Bad Bunny,0.65,0.715,5,-5.198,0,0.253,0.0993,0.000291,0.126,0.187,106.672,0
Clavado en Un Bar,Maná,0.634,0.854,11,-3.444,1,0.0369,0.00737,2.49e-06,0.0664,0.564,148.003,0
Danza Kuduro,Don Omar,0.4,0.915,0,-4.89,1,0.28,0.0846,0.0,0.0503,0.878,88.917,0
Oye Mi Amor,Maná,0.543,0.903,11,-6.658,0,0.039,0.0102,0.00585,0.0862,0.962,162.241,0
Gasolina,Daddy Yankee,0.852,0.797,0,-6.543,1,0.0614,0.322,2.69e-06,0.0845,0.741,96.008,0
DÁKITI,Bad Bunny,0.731,0.573,4,-10.059,0,0.0544,0.401,5.22e-05,0.113,0.145,109.928,0
Tusa,KAROL G,0.803,0.715,2,-3.28,1,0.298,0.295,0.000134,0.0574,0.574,101.085,0
Me Rehúso,Danny Ocean,0.744,0.804,1,-6.327,1,0.0677,0.0231,0.0,0.0494,0.426,104.823,0
LA NOCHE DE ANOCHE,Bad Bunny,0.856,0.618,7,-4.892,1,0.286,0.0303,0.0,0.0866,0.391,81.993,0
"Quevedo: Bzrp Music Sessions, Vol. 52",Bizarrap,0.621,0.782,2,-5.548,1,0.044,0.0125,0.033,0.23,0.55,128.033,0
